ign,points
OMNIROLL,37
Kayyll,21
J0EI,44
xjuuszou,39
RaisenJas12,38
Ikyaku,23
SourMolly,0
RAMEN,17
Envys,2
volcan,28
BetaUser,13
Blossom,34
Akiva,2
Encanto,0
AlcheusQtttt,29
XoN,10
Tapioca,32
Hikarii,6
racht,9
tyroneking,19
Adori,19
Zelrid,20
UnsatisfiedApple,29
SleepyM,5
Bukerino,2
Leii,32
Smoo,21
quatropuppy,36
Chiko,18
elu,35
NagiBluelock,2
Tywyll,24
Mrlolface,30
ZADDDY,4
Ceb,25
Winston,0
MoreThin,42
EIMl,16
Quace,3
Klayne,19
Yipyip,37
BabySausage,22
Oneiro,28
Ataaan,3
Hanni,37
Otits,2
Eterrom,19
haibong,29
M1CO,32
AmiLGauL,16
Gone,16
OopsPareee,18
mav,20
Tamoxifen,42
Beast,11
kiraina,8
Moe,12
BuBoiSamurai,5
WickeD,30
Gakkuri,21
Jennieyuhh,35
Myghal,17
xRedarted,35
Chunchunmarru,6
Coronne,24
maersktzy,10
amping,42
LeeJiEun,10
SummerSeaChels,19
Rinressu,0
Jinwoosan,13
Dricksz,16
Space,15
fiddledd,22
Etrinus,17
Sanity,36
Masu,0
Tors,13
Yohver,2
Meek,13
Sievert,26
Yats,7
Dyim,0
Raff,3
Godtis,14
Dev1ze,33
Ju4n,1
vixxeus,33
Myk,24
Dre,1
Inzaghi,2
LiahkiM,28
Balthasar,8
D4rrius,9
wiseee,45
Brewco,1
Zaijan,3
RyoRuru,2
ThanWick,20
Anjz,16
brutalwarjam,18
Ligaya,12
Sxaz,0
HotPiatos,26
Lupevsdmfworld,22
KuyaMotto,0
PEPEISMEAT,10
BabyJunior,9
Acedia,0
Holla,12
BeckTheHam,39
Abacus,3
Kisle,4
Ryujin,31
iMiracle,10
nnimm,30
Exonn,10
OldManZeus,36
Saisho,5
zylian,28
Rowan,23
Alexelle,12
xMicheal,17
Piiwan,9
9ine,8
S3GS,10
xPol,46
tite,14
BRi1007,13
CrispyLechon,19
Jenobe,4
Grimlordtzy,21
GSauce,20
Silentfall,24
Gwyn,26
Kokeyar,21
Glyceeee,9
Daluyong,9
MsPiyaya,0
Lightcram,40
kley,8
Revsuu,4
iCrockx,4
Baremathras,0
Colteen,4
KVVRTY,1
Larky,2
Aivs,33
Ryotaaa,6
Crosstails,5
Tusks,7
Androo,0
Angelpi,0
YanJi13,0
AOHNA,0
Blyr,0
aysayswater,6
MaddMan,15
Tanduay,3
Siegercyd,0
Arkwright,2
StagnantWater,22
Hirohara,0
nai,24
Yunahh,20
Nichi,37
Leictreach,23
PDelta,31
Akaza3,2
Lunari,24
Frootoz,2
ronn,1
Luffy,29
raders19,2
Joker90,0
BosyongPH,2
koZmouse,4
MundaneMannn,4
faq,33
Heijisan,4
OpenKore,6
Bulalolord,27
FarmerNgPinas,2
VinPj,2
MTYHALI,2
wakaaa,0
rtk,7
Ekusu,20
Ishii,11
Buer,8
Exelcho,17
prplebrries,23
bOdEGs,13
Broomz,25
SweetCorn,17
Tooonnnyyyyyyy,19
Chaeyoung,32
Akkizxc,36
Chromebomb,18
MementoVivere,0
wardtenta,30
EmyLAndres,7
TanodEsca,8
MrDeadNote,3
Chokama,32
Piwee,0
Hapchan,32
Talonbane,11
magic14,38
Wiski,4
PambihirangUngas,37
Bayams,0
Nethl,4
Ryanski,25
HoangKhang,19
Vilead,23
Juggerboy,44
SANTIMONYO,2
StormStout,0
MillimNava,4
JudgeNero,28
Slaxer,30
Corics,0
LiftOrLifted,2
Peep,16
CursedMihawk,6
KJPFRAZE,36
Kjinn,7
HerbetThePerv,4
3nra,17
CyberSphinx,9
Fishbait,0
Chokyy,12
Andro,14
MiawChi,4
Zephiroth,35
Zumi,0
Luxtrouz,18
Berruu,28
boiboi,0
Holylady,15
Asuunaaa,3
kiroroo,11
Toto,8
VanillaVonSweet,0
joserichardiv,23
HisAirness,13
nezuko,22
Saaaaaaaaaaaaaam,2
Kardo,19
KingTooth,11
Malfurion,0
LordKnight,0
DeathStroke212,0
Furesh,23
Eisenhardt,0
Hayrkan,5
vomegamak,0
Bleave,22
MeOniKuma,0
Luniwuni,0
Angko,25
Lengslie,2
Xylotto,2
ArthurLeywin,1
Qons,28
Crit0,37
jantravolteng,38
Fl4p,33
anya,11
Zetherite,3
Arizenn,45
toyphix,1
HapHap,24
ranz,0
ChingBilling,3
Akhlys,2
Ninynine,10
Roddo,10
Keir,0
Nigo,7
rrol,35
Pyoshik,7
Cleo,0
Esilin,0
XStacey,2
Tennessine,3
Neptr,0
Iubicelmic,12
Yndhai,3
Vlys,6
Bumbum,21
Dorquinaga,0
TheMorpheusz,2
Langya,0
Rolin26,21
AstaLMigo,7
BayagBag,5
Ezorreod,1
Keean,0
GioPlays,12
Chedion,1
Stankii,10
MsMystery,4
wingslash,0
Spazers,4
BLANK14,0
AiR023,2
Albuz,0
Borgir,4
SlimShadyy,13
Cent,29
Gorehowl,11
Porokid,1
Allicrum,30
Primordial,15
Astreya,8
PugPsycho,6
Janix,12
Seers,0
jwt,6
WazzupMoneyGrow,32
BulbulitoDaN3gr0,8
waterdrop,25
Blynn,32
Daniii,30
BoyPektus,0
4Ainz,8
yonyonpentium,0
B1itz,9
9Universe,21
helcurt1,1
Zild,3
SpeakerPerez,6
blooplin,8
BeansVince,17
aLakabOom,25
RAGINGinamo,19
invictus,19
Koizen,13
UncleTamir,0
Nicollai,13
QueenPanacea3,0
nolifegaming,26
Zenosh,1
Ninyoo,10
jeyrald,16
Elupsye,5
SirLancer,26
KAlbo,18
Blurrf,3
Pogsss,5
Escapadez,6
M4vs,3
YourSpring,0
Xenon,18
Plantigo,22
stormshadow,1
SkyBri,17
LeoricYT,2
Moskovia,7
Cofie01,0
78XGAMING,11
Rhagnar,1
ThruleX,0
gravepicker,0
johnny0282,4
SirBeastx,0
Jishuka,0
Laugh,2
Kreggyan,12
Aguy,6
Francys,0
Lein,1
CHRSTPHR,8
Rurush,0
ElConstantine,0
Jizxas,6
NoobsJourney,5
J0PAY,0
Pushyx,10
ArmyNavy,0
PESTthingYeahWha,1
Randezouk,0
BoyDilig,1
Nalaqt,7
Rinascita,3
JaeL,14
SpicySinigang,13
Harmer,0
tokl0saol,0
aurils,0
DrunkardNick,0
MXXXXXZASZZ,5
HouleeSheep,0
Crizmins,1
Midoriya,0
Ellias,2
Fancy26,7
CrispyPata,0
SeishiroNagi,0
Ramza,0
Eignugg,7
Shabuu,0
NeoMate,0
xerxex,6
Kozu,0
WipeCallerPar,16
suntukan,1
SeffOnlyFans,3
Donjad,16
ReyyrPH,14
onizukaa,1
Tride,4
PatFussy,0
CHir0n,12
Transcendent,0
Yowitsme,4
BrownTissue,1
Hiirooo,0
Kratos,0
Aerys,0
LiliVess,12
Patrickdreamcast,0
EDUTENSE,0
Louboutin,1
Azking,11
Custavio,11
Hoarder,0
EATMYLONGGADOG,0
Harutya,13
Bjelnir,5
Lordiz,1
Icecoolsummer,9
NicholeFaith,0
Zaveus,0
yashinn,20
HangryPandar,0
MambaAshbluff,2
1Shark,0
kelrico,4
kiraky,9
BICOL,36
subarunatsuki,3
Gelimii,0
KhoaBep,2
Juliuzs,2
Ch4d,0
Aikhuza,0
SadisticEyes,0
lalalakano,1
goon69,11
kuon,2
TitoPok,0
AvLis,0
homelessbob,0
RageKing,6
FerociousChili,10
CNLucy,6
Bopis,0
MilkSaber,0
Bachira,7
theGrimReefer,0
Taenayt,9
Aishee,0
Dedey,0
Shinzer,0
SKWAMiCHUPOL,1
Jacab,0
Keedz,0
jomaipiggy,0
Mexico,6
nixlot,0
Wolfienol,2
TomoriNao,2
szzzi,0
Aspect,2
deceius,0
pilyonykyut,1
BImbydog,1
Zilford,30
HiImNobi,13
superme,7
Ishikaro,8
Mitaba,4
mars2050,0
Randelicious,0
Vhincer,7
Kit,12
Kazukwi,0
KAENGPRO,0
seyri,0
Disastaah,34
Praimfaya,0
D1ABL0S,0
Malebranche,0
Momayyy,0
Grimgaunt,6
Avi504,0
Mochahontas,0
iStellar,14
JanexNeth,0
Shinoo,2
Rubiks,4
WangSo,4
SauceAged,1
keiii,0
0l00l0l0,0
Kirifer,0
Netheron,5
Ahyuu,2
MorphineLord,0
Bathala,5
Fushi,13
Momobishiro,2
Satzuki,2
edosma,0
ryuelle,0
Arianian12,0
Tidibir,12
oreocake,0
Nica,2
Kizerken,0
eyans,0
Destoned,0
Nauq,0
SnowMonke,0
Akumustyle,2
Egulist,0
lianx,0
YAWAZAKI69,0
Yawara,10
BugnoTaBai,2
Flappyy,0
Tryndamere,0
Bavsagra,0
Clio,7
Skyefx,0
Penble,2
Pokimane,0
BabyBlitz,2
Bekhouf,0
caisio,5
de7ta,17
PrYoua,0
Babeli,0
Hohen,0
Messper,0
KimmY9,2
CobraV1,0
YesThisIsEthan,0
LTeezy,0
Rodenticide,0
Kham,0
stormrecon1,0
DravenSkyler,0
Peaky,0
NotAicrocy,0
jerryjames,0
J0yB0y,0
NotM4,0
TomyTheBest69,0
EugeneFitzherber,0
kruety,0
AegonTargaryen,0
BeePollenn,0
Mikaoz,0
Hira,0
ankewelt,0
YugosV1,0
bmwm1,0
caviaren,0
Gibet,0
LegenDAWI,0
Kayoyo671,4
Herakles,0
Gendii,0
Malekieth,5
MrShinra,14
outcastoutlaw,27
Kizaris,15
Valk,26
Cur1ous,14
Luis,13
RMTC,0
jHaPs,9
KiryaN,0
Champorado,0
Retaliate,0
Eucilv,0
Myaww,0
aaaaaaria,5
Surkoz,0
Owshii,2
ChongKidz,0
TigBits,0
Zockie,3
dragmeel1st,1
Cortite,0
Meipotato,0
DizzyPeaszy,1
JCT,0
AdoboFried,22
Pureace,4
SoueiKai,0
SimplyDrew,0
Lothair,0
OHCIDNAL,0
Shickl,0
ClashMaxim,0
BigDadBear,2
Diveler,1
RedRelief,17
Alupihan,1
walterxian,1
Sh4dowsk13,0
Evescent,0
virlix,14
Khazix,15
Ericka,3
kenjiii,0
hanah,0
HideUser,0
dagoz,0
ForgottenN,0
Crowne,3
bradpit,0
krdz,0
KIOSKI,0
mayor,2
Mangbabardot,7
Snatcher,0
Happv,0
101cm,0
Gafgarion,0
K4pe,0
pakky,0
MatPat,0
JhonWeak,0
NilagangSuso,1
keesha,1
Zoikz,0
KingPanda,4
Lonj,7
Shuravie,4
BiancaPH,8
Sanpang,0
Controlled,4
JsRey,6
Mikeng,9
Boobaa,0
Kerbie,0
Beirut,0
CaptTerry,0
Akkira,0
ChiefQueef,0
WolfKeun,0
Indelible,0
IDontRobHoes,0
RMCnaysG,0
Edocrab,0
Beansent,0
BlackBugan,5
RrybaN,0
Mr911,0
TheFifthSon,0
Jimmyson,0
Jordison,0
Olalah,0
3zie,0
xGabbyx,5
BlGBABY,0
Zaike,2
Miyamura,1
Dprodithe,0
Sjade,2
M1chael,0
Grant22,0
ChowPing,4
SUSEJ,0
DeeM0kou,0
Kazeroth,0
HamatoraHajime,0
Luwis23,2
yeye0801,0
LukeAndrei,0
SamuelLJackson,0
SILENTKILLER,0
CRGaming,0
CaptDeaDEyE,0
Dryad,0
michaa,0
Tearoy,0
KingDache,74
TheRealJyurii,0
Manilabae,0
Sebasxian,1
Blaack,0
SwordieOblak,0
Cireeyall,0
Shirizaki,0
Jelleigh,0
Kimuchannn,0
Kkaengi,0
PatBev,0
Minarii,0
ozzythehusky,0
iamATOMIC03,0
buttsoup,2
Pxel,0
JackSnowyy,0
rusx,0
Abysmal,0
KinsDread,0
Kusheil,0
UlquiorraCifer00,0
Vannnnnnn,0
